{"subPackages":[{"root":"pages/vip/","name":"vip"},{"root":"pages/customBan/","name":"customBan"},{"root":"pages/customTheme/","name":"customTheme"},{"root":"pages/wheel/","name":"wheel"},{"root":"pages/theme/","name":"theme"},{"root":"pages/select/","name":"selectTest"},{"root":"pages/about/","name":"about"},{"root":"pages/miniProgramHistiryUpdateLog/","name":"mpUpdateLogs"},{"root":"pages/userInfo/","name":"userInfo"},{"root":"pages/restorePro/","name":"restorePro"},{"root":"pages/comments/","name":"comments"},{"root":"pages/medal/","name":"medal"},{"root":"pages/personalPage/","name":"personalPage"},{"root":"pages/redeem/","name":"redeem"},{"root":"pages/giftBox/","name":"giftBox"},{"root":"pages/messageBox/","name":"messageBox"},{"root":"pages/sort/","name":"sort"},{"root":"pages/appearance/","name":"appearance"},{"root":"pages/pushSetting/","name":"pushSetting"},{"root":"pages/mineIdea/","name":"mineIdea"},{"root":"components/giftBoxTask/","name":"giftBoxTask"},{"root":"components/drag/","name":"drag"},{"root":"pages/complain/","name":"complainPage"},{"root":"components/ideaHistory/","name":"ideaHistory"},{"root":"components/complain/","name":"complain"},{"root":"components/userInfoSetting/","name":"userInfoSetting"},{"root":"components/customDevice/","name":"customDevice"},{"root":"components/attitude/","name":"attitude"},{"root":"pages/article/","name":"article"},{"root":"components/eChart/","name":"eChart"}],"entryPagePath":"pages/index/index.html","pages":["pages/index/index","pages/mine/index","pages/backupSetting/index","pages/selectModel/index","pages/update/index","pages/webview/webview","pages/vip/index","pages/customBan/index","pages/customTheme/index","pages/wheel/index","pages/theme/index","pages/select/index","pages/about/index","pages/miniProgramHistiryUpdateLog/index","pages/userInfo/index","pages/restorePro/index","pages/comments/index","pages/medal/index","pages/personalPage/index","pages/redeem/index","pages/giftBox/index","pages/messageBox/index","pages/sort/index","pages/appearance/index","pages/pushSetting/index","pages/mineIdea/index","components/giftBoxTask/giftBoxTask","components/drag/index","pages/complain/index","components/ideaHistory/ideaHistory","components/complain/complain","components/userInfoSetting/userInfoSetting","components/customDevice/customDevice","components/attitude/attitude","pages/article/index"],"page":{"pages/index/index.html":{"window":{"disableScroll":true,"componentPlaceholder":{"complain":"pl","ideaHistory":"pl","attitude":"pl"},"backgroundColor":"#000000"}},"pages/mine/index.html":{"window":{"backgroundColor":"#000000"}},"pages/backupSetting/index.html":{"window":{"backgroundColor":"#000000","disableScroll":true}},"pages/selectModel/index.html":{"window":{"backgroundColor":"#000000"}},"pages/update/index.html":{"window":{"disableScroll":true}},"pages/webview/webview.html":{"window":{}},"pages/vip/index.html":{"window":{"component":true,"disableScroll":true}},"pages/customBan/index.html":{"window":{"disableScroll":true}},"pages/customTheme/index.html":{"window":{"disableScroll":true}},"pages/wheel/index.html":{"window":{"disableScroll":true}},"pages/theme/index.html":{"window":{"disableScroll":true,"backgroundColor":"#000000"}},"pages/select/index.html":{"window":{"backgroundColor":"#000000"}},"pages/about/index.html":{"window":{"backgroundColor":"#000000"}},"pages/miniProgramHistiryUpdateLog/index.html":{"window":{"backgroundColor":"#000000"}},"pages/userInfo/index.html":{"window":{"backgroundColor":"#000000","componentPlaceholder":{"customDevice":"pl","userInfoSetting":"pl"}}},"pages/restorePro/index.html":{"window":{"backgroundColor":"#000000"}},"pages/comments/index.html":{"window":{"disableScroll":true}},"pages/medal/index.html":{"window":{"backgroundColor":"#000000","disableScroll":true}},"pages/personalPage/index.html":{"window":{"disableScroll":true}},"pages/redeem/index.html":{"window":{"disableScroll":true,"backgroundColor":"#000000"}},"pages/giftBox/index.html":{"window":{"disableScroll":true,"componentPlaceholder":{"giftBoxTask":"pl"},"backgroundColor":"#000000"}},"pages/messageBox/index.html":{"window":{"disableScroll":true}},"pages/sort/index.html":{"window":{"backgroundColor":"#000000","componentPlaceholder":{"drag":"pl"}}},"pages/appearance/index.html":{"window":{"backgroundColor":"#000000","componentPlaceholder":{"present":"pl","mp-dialog":"pl","circleLine":"pl","mp-cell":"pl","mp-cells":"pl","mp-badge":"pl"}}},"pages/pushSetting/index.html":{"window":{"backgroundColor":"#000000"}},"pages/mineIdea/index.html":{"window":{"disableScroll":true,"backgroundColor":"#000000"}},"components/giftBoxTask/giftBoxTask.html":{"window":{"component":true}},"components/drag/index.html":{"window":{"component":true}},"pages/complain/index.html":{"window":{"disableScroll":true,"componentPlaceholder":{"complain":"pl"}}},"components/ideaHistory/ideaHistory.html":{"window":{"component":true}},"components/complain/complain.html":{"window":{"component":true}},"components/userInfoSetting/userInfoSetting.html":{"window":{"component":true}},"components/customDevice/customDevice.html":{"window":{"component":true}},"components/attitude/attitude.html":{"window":{"component":true}},"pages/article/index.html":{"window":{"disableScroll":true}}},"debug":false,"global":{"window":{"backgroundTextStyle":"dark","navigationBarBackgroundColor":"#fff","navigationBarTextStyle":"white","navigationStyle":"custom"}},"resizable":false,"preloadRule":{"pages/index/index":{"network":"all","packages":["attitude","ideaHistory","complain","pushSetting","messageBox","giftBox","customTheme","wheel","comments","appearance","mineIdea","personalPage","drag","sort","medal","article","restorePro","userInfoSetting","customDevice"]},"pages/mine/index":{"network":"all","packages":["userInfo","mineIdea","appearance","messageBox","giftBox","customTheme","wheel","medal","pushSetting","drag","sort","about","giftBoxTask","restorePro","comments","personalPage","complain","complainPage","article","userInfoSetting"]},"pages/messageBox/index":{"network":"all","packages":["comments","redeem","giftBox","personalPage","pushSetting","medal","complain","complainPage","article"]},"pages/medal/index":{"network":"all","packages":["giftBox"]},"pages/giftBox/index":{"network":"all","packages":["giftBoxTask","pushSetting","medal"]},"pages/about/index":{"network":"all","packages":["mpUpdateLogs","redeem"]},"pages/sort/index":{"network":"all","packages":["drag"]},"pages/comments/index":{"network":"all","packages":["complain","complainPage"]},"pages/backupSetting/index":{"network":"all","packages":["pushSetting","messageBox","giftBox","comments","appearance","mineIdea","personalPage","drag","sort","medal","restorePro"]},"pages/userInfo/index":{"network":"all","packages":["customDevice","userInfoSetting"]}},"style":"v2","darkmode":true,"renderer":{"allUsed":["webview"],"default":"webview"},"debugOptions":{"enableFPSPanel":false},"__usePrivacyCheck__":true}