{"setting":{"compileHotReLoad":true,"lazyloadPlaceholderEnable":false,"urlCheck":true,"bigPackageSizeSupport":false,"skylineRenderEnable":true},"description":"项目私有配置文件。此文件中的内容将覆盖 project.config.json 中的相同字段。项目的改动优先同步到此文件中。详见文档：https://developers.weixin.qq.com/miniprogram/dev/devtools/projectconfig.html","libVersion":"development","condition":{"miniprogram":{"list":[{"name":"pages/mine/index","pathName":"pages/mine/index","query":"","launchMode":"default","scene":null,"partialCompile":{"enabled":true,"pages":[]}},{"name":"","pathName":"pages/index/index","query":"","launchMode":"default","scene":null,"partialCompile":{"enabled":true,"pages":[]}},{"name":"","pathName":"pages/customBan/index","query":"destination=keywords","launchMode":"default","scene":null,"partialCompile":{"enabled":true,"pages":[]}}]}},"projectname":"iOS%20%E7%89%88%E6%9C%AC%E4%BF%A1%E6%81%AF"}