{"component":true,"usingComponents":{"developer":"../developer/index","public":"../public/index","formal":"../formal/index","network":"../network/network","historyReleaseLog":"../historyReleaseLog/index","mp-badge":"../badge/badge","mp-dialog":"../dialog/dialog","networkArticle":"../networkArticle/index","failTips":"../failTips/index","updateTips":"../updateTips/updateTips","signedStatus":"../signedStatus/signedStatus","hotArticleList":"../hotArticleList/hotArticleList","articleContent":"../articleContent/articleContent","vote":"../vote/vote","mpUpdateLog":"../mpUpdateLog/mpUpdateLog","complain":"../complain/complain","mp-actionSheet":"../actionsheet/actionsheet","getMedalTips":"../getMedalTips/getMedalTips","toast":"../toast/toast","attitude":"../attitude/attitude","ideaHistory":"../ideaHistory/ideaHistory","theme":"../theme/theme","select":"../select/select","store":"../../components/store/store","vip":"../../components/vip/vip","privacyAndServiceAgreement":"../../components/privacyAndServiceAgreement/index","pl":"../pl/pl"},"componentPlaceholder":{"developer":"pl","public":"pl","formal":"pl","network":"pl","historyReleaseLog":"pl","mp-badge":"pl","mp-dialog":"pl","networkArticle":"pl","failTips":"pl","updateTips":"pl","signedStatus":"pl","hotArticleList":"pl","articleContent":"pl","vote":"pl","mpUpdateLog":"pl","complain":"pl","mp-actionSheet":"pl","getMedalTips":"pl","toast":"pl","attitude":"pl","ideaHistory":"pl","theme":"pl","select":"pl","store":"pl","vip":"pl"}}