{"usingComponents":{"avatar":"../../components/avatar/avatar","developer":"../../components/developer/index","public":"../../components/public/index","formal":"../../components/formal/index","network":"../../components/network/network","historyReleaseLog":"../../components/historyReleaseLog/index","mp-badge":"../../components/badge/badge","mp-dialog":"../../components/dialog/dialog","networkArticle":"../../components/networkArticle/index","failTips":"../../components/failTips/index","updateTips":"../../components/updateTips/updateTips","signedStatus":"../../components/signedStatus/signedStatus","hotArticleList":"../../components/hotArticleList/hotArticleList","articleContent":"../../components/articleContent/articleContent","vote":"../../components/vote/vote","mpUpdateLog":"../../components/mpUpdateLog/mpUpdateLog","complain":"../../components/complain/complain","mp-actionSheet":"../../components/actionsheet/actionsheet","getMedalTips":"../../components/getMedalTips/getMedalTips","toast":"../../components/toast/toast","attitude":"../../components/attitude/attitude","ideaHistory":"../../components/ideaHistory/ideaHistory","present":"../../components/present/present","floatActionsheet":"../../components/floatActionsheet/floatActionsheet","pl":"../../components/pl/pl","card":"../../components/card/card"},"componentPlaceholder":{"complain":"pl","ideaHistory":"pl","attitude":"pl"},"backgroundColor":"#ffffff","disableScroll":true}